id,districts_id:id,name
c_1,d_1,Akkaraipattu
c_2,d_1,Ambagahawatta
c_3,d_1,Ampara
c_4,d_1,Bakmitiyawa
c_5,d_1,Deegawapiya
c_6,d_1,Devalahinda
c_7,d_1,Digamadulla Weeragoda
c_8,d_1,Dorakumbura
c_9,d_1,Gonagolla
c_10,d_1,Hulannuge
c_11,d_1,Kalmunai
c_12,d_1,Kannakipuram
c_13,d_1,Karativu
c_14,d_1,Kekirihena
c_15,d_1,Koknahara
c_16,d_1,Kolamanthalawa
c_17,d_1,Komari
c_18,d_1,Lahugala
c_19,d_1,Irakkamam
c_20,d_1,Mahaoya
c_21,d_1,Marathamune
c_22,d_1,Namaloya
c_23,d_1,Navithanveli
c_24,d_1,Nintavur
c_25,d_1,Oluvil
c_26,d_1,Padiyatalawa
c_27,d_1,Pahalalanda
c_28,d_1,Panama
c_29,d_1,Pannalagama
c_30,d_1,Paragahakele
c_31,d_1,Periyaneelavanai
c_32,d_1,Polwaga Janapadaya
c_33,d_1,Pottuvil
c_34,d_1,Sainthamaruthu
c_35,d_1,Samanthurai
c_36,d_1,Serankada
c_37,d_1,Tempitiya
c_38,d_1,Thambiluvil
c_39,d_1,Tirukovil
c_40,d_1,Uhana
c_41,d_1,Wadinagala
c_42,d_1,Wanagamuwa
c_43,d_2,Angamuwa
c_44,d_2,Anuradhapura
c_45,d_2,Awukana
c_46,d_2,Bogahawewa
c_47,d_2,Dematawewa
c_48,d_2,Dimbulagala
c_49,d_2,Dutuwewa
c_50,d_2,Elayapattuwa
c_51,d_2,Ellewewa
c_52,d_2,Eppawala
c_53,d_2,Etawatunuwewa
c_54,d_2,Etaweeragollewa
c_55,d_2,Galapitagala
c_56,d_2,Galenbindunuwewa
c_57,d_2,Galkadawala
c_58,d_2,Galkiriyagama
c_59,d_2,Galkulama
c_60,d_2,Galnewa
c_61,d_2,Gambirigaswewa
c_62,d_2,Ganewalpola
c_63,d_2,Gemunupura
c_64,d_2,Getalawa
c_65,d_2,Gnanikulama
c_66,d_2,Gonahaddenawa
c_67,d_2,Habarana
c_68,d_2,Halmillawa Dambulla
c_69,d_2,Halmillawetiya
c_70,d_2,Hidogama
c_71,d_2,Horawpatana
c_72,d_2,Horiwila
c_73,d_2,Hurigaswewa
c_74,d_2,Hurulunikawewa
c_75,d_2,Ihala Puliyankulama
c_76,d_2,Kagama
c_77,d_2,Kahatagasdigiliya
c_78,d_2,Kahatagollewa
c_79,d_2,Kalakarambewa
c_80,d_2,Kalaoya
c_81,d_2,Kalawedi Ulpotha
c_82,d_2,Kallanchiya
c_83,d_2,Kalpitiya
c_84,d_2,Kalukele Badanagala
c_85,d_2,Kapugallawa
c_86,d_2,Karagahawewa
c_87,d_2,Kashyapapura
c_88,d_2,Kebithigollewa
c_89,d_2,Kekirawa
c_90,d_2,Kendewa
c_91,d_2,Kiralogama
c_92,d_2,Kirigalwewa
c_93,d_2,Kirimundalama
c_94,d_2,Kitulhitiyawa
c_95,d_2,Kurundankulama
c_96,d_2,Labunoruwa
c_97,d_2,Ihalagama
c_98,d_2,Ipologama
c_99,d_2,Madatugama
c_100,d_2,Maha Elagamuwa
c_101,d_2,Mahabulankulama
c_102,d_2,Mahailluppallama
c_103,d_2,Mahakanadarawa
c_104,d_2,Mahapothana
c_105,d_2,Mahasenpura
c_106,d_2,Mahawilachchiya
c_107,d_2,Mailagaswewa
c_108,d_2,Malwanagama
c_109,d_2,Maneruwa
c_110,d_2,Maradankadawala
c_111,d_2,Maradankalla
c_112,d_2,Medawachchiya
c_113,d_2,Megodawewa
c_114,d_2,Mihintale
c_115,d_2,Morakewa
c_116,d_2,Mulkiriyawa
c_117,d_2,Muriyakadawala
c_118,d_5,Colombo 15
c_119,d_2,Nachchaduwa
c_120,d_2,Namalpura
c_121,d_2,Negampaha
c_122,d_2,Nochchiyagama
c_123,d_2,Nuwaragala
c_124,d_2,Padavi Maithripura
c_125,d_2,Padavi Parakramapura
c_126,d_2,Padavi Sripura
c_127,d_2,Padavi Sritissapura
c_128,d_2,Padaviya
c_129,d_2,Padikaramaduwa
c_130,d_2,Pahala Halmillewa
c_131,d_2,Pahala Maragahawe
c_132,d_2,Pahalagama
c_133,d_2,Palugaswewa
c_134,d_2,Pandukabayapura
c_135,d_2,Pandulagama
c_136,d_2,Parakumpura
c_137,d_2,Parangiyawadiya
c_138,d_2,Parasangahawewa
c_139,d_2,Pelatiyawa
c_140,d_2,Pemaduwa
c_141,d_2,Perimiyankulama
c_142,d_2,Pihimbiyagolewa
c_143,d_2,Pubbogama
c_144,d_2,Punewa
c_145,d_2,Rajanganaya
c_146,d_2,Rambewa
c_147,d_2,Rampathwila
c_148,d_2,Rathmalgahawewa
c_149,d_2,Saliyapura
c_150,d_2,Seeppukulama
c_151,d_2,Senapura
c_152,d_2,Sivalakulama
c_153,d_2,Siyambalewa
c_154,d_2,Sravasthipura
c_155,d_2,Talawa
c_156,d_2,Tambuttegama
c_157,d_2,Tammennawa
c_158,d_2,Tantirimale
c_159,d_2,Telhiriyawa
c_160,d_2,Tirappane
c_161,d_2,Tittagonewa
c_162,d_2,Udunuwara Colony
c_163,d_2,Upuldeniya
c_164,d_2,Uttimaduwa
c_165,d_2,Vellamanal
c_166,d_2,Viharapalugama
c_167,d_2,Wahalkada
c_168,d_2,Wahamalgollewa
c_169,d_2,Walagambahuwa
c_170,d_2,Walahaviddawewa
c_171,d_2,Welimuwapotana
c_172,d_2,Welioya Project
c_173,d_3,Akkarasiyaya
c_174,d_3,Aluketiyawa
c_175,d_3,Aluttaramma
c_176,d_3,Ambadandegama
c_177,d_3,Ambagasdowa
c_178,d_3,Arawa
c_179,d_3,Arawakumbura
c_180,d_3,Arawatta
c_181,d_3,Atakiriya
c_182,d_3,Badulla
c_183,d_3,Baduluoya
c_184,d_3,Ballaketuwa
c_185,d_3,Bambarapana
c_186,d_3,Bandarawela
c_187,d_3,Beramada
c_188,d_3,Bibilegama
c_189,d_3,Boragas
c_190,d_3,Boralanda
c_191,d_3,Bowela
c_192,d_3,Central Camp
c_193,d_3,Damanewela
c_194,d_3,Dambana
c_195,d_3,Dehiattakandiya
c_196,d_3,Demodara
c_197,d_3,Diganatenna
c_198,d_3,Dikkapitiya
c_199,d_3,Dimbulana
c_200,d_3,Divulapelessa
c_201,d_3,Diyatalawa
c_202,d_3,Dulgolla
c_203,d_3,Ekiriyankumbura
c_204,d_3,Ella
c_205,d_3,Ettampitiya
c_206,d_3,Galauda
c_207,d_3,Galporuyaya
c_208,d_3,Gawarawela
c_209,d_3,Girandurukotte
c_210,d_3,Godunna
c_211,d_3,Gurutalawa
c_212,d_3,Haldummulla
c_213,d_3,Hali Ela
c_214,d_3,Hangunnawa
c_215,d_3,Haputale
c_216,d_3,Hebarawa
c_217,d_3,Heeloya
c_218,d_3,Helahalpe
c_219,d_3,Helapupula
c_220,d_3,Hopton
c_221,d_3,Idalgashinna
c_222,d_3,Kahataruppa
c_223,d_3,Kalugahakandura
c_224,d_3,Kalupahana
c_225,d_3,Kebillawela
c_226,d_3,Kendagolla
c_227,d_3,Keselpotha
c_228,d_3,Ketawatta
c_229,d_3,Kiriwanagama
c_230,d_3,Koslanda
c_231,d_3,Kuruwitenna
c_232,d_3,Kuttiyagolla
c_233,d_3,Landewela
c_234,d_3,Liyangahawela
c_235,d_3,Lunugala
c_236,d_3,Lunuwatta
c_237,d_3,Madulsima
c_238,d_3,Mahiyanganaya
c_239,d_3,Makulella
c_240,d_3,Malgoda
c_241,d_3,Mapakadawewa
c_242,d_3,Maspanna
c_243,d_3,Maussagolla
c_244,d_3,Mawanagama
c_245,d_3,Medawela Udukinda
c_246,d_3,Meegahakiula
c_247,d_3,Metigahatenna
c_248,d_3,Mirahawatta
c_249,d_3,Miriyabedda
c_250,d_3,Nawamedagama
c_251,d_3,Nelumgama
c_252,d_3,Nikapotha
c_253,d_3,Nugatalawa
c_254,d_3,Ohiya
c_255,d_3,Pahalarathkinda
c_256,d_3,Pallekiruwa
c_257,d_3,Passara
c_258,d_3,Pattiyagedara
c_259,d_3,Pelagahatenna
c_260,d_3,Perawella
c_261,d_3,Pitamaruwa
c_262,d_3,Pitapola
c_263,d_3,Puhulpola
c_264,d_3,Rajagalatenna
c_265,d_3,Rathkarawwa
c_266,d_3,Ridimaliyadda
c_267,d_3,Silmiyapura
c_268,d_3,Sirimalgoda
c_269,d_3,Siripura
c_270,d_3,Sorabora Colony
c_271,d_3,Soragune
c_272,d_3,Soranathota
c_273,d_3,Taldena
c_274,d_3,Timbirigaspitiya
c_275,d_3,Uduhawara
c_276,d_3,Uraniya
c_277,d_3,Uva Karandagolla
c_278,d_3,Uva Mawelagama
c_279,d_3,Uva Tenna
c_280,d_3,Uva Tissapura
c_281,d_3,Welimada
c_282,d_3,Weranketagoda
c_283,d_3,Wewatta
c_284,d_3,Wineethagama
c_285,d_3,Yalagamuwa
c_286,d_3,Yalwela
c_287,d_4,Addalaichenai
c_288,d_4,Ampilanthurai
c_289,d_4,Araipattai
c_290,d_4,Ayithiyamalai
c_291,d_4,Bakiella
c_292,d_4,Batticaloa
c_293,d_4,Cheddipalayam
c_294,d_4,Chenkaladi
c_295,d_4,Eravur
c_296,d_4,Kaluwanchikudi
c_297,d_4,Kaluwankemy
c_298,d_4,Kannankudah
c_299,d_4,Karadiyanaru
c_300,d_4,Kathiraveli
c_301,d_4,Kattankudi
c_302,d_4,Kiran
c_303,d_4,Kirankulam
c_304,d_4,Koddaikallar
c_305,d_4,Kokkaddicholai
c_306,d_4,Kurukkalmadam
c_307,d_4,Mandur
c_308,d_4,Miravodai
c_309,d_4,Murakottanchanai
c_310,d_4,Navagirinagar
c_311,d_4,Navatkadu
c_312,d_4,Oddamavadi
c_313,d_4,Palamunai
c_314,d_4,Pankudavely
c_315,d_4,Periyaporativu
c_316,d_4,Periyapullumalai
c_317,d_4,Pillaiyaradi
c_318,d_4,Punanai
c_319,d_4,Thannamunai
c_320,d_4,Thettativu
c_321,d_4,Thikkodai
c_322,d_4,Thirupalugamam
c_323,d_4,Unnichchai
c_324,d_4,Vakaneri
c_325,d_4,Vakarai
c_326,d_4,Valaichenai
c_327,d_4,Vantharumoolai
c_328,d_4,Vellavely
c_329,d_5,Akarawita
c_330,d_5,Ambalangoda
c_331,d_5,Athurugiriya
c_332,d_5,Avissawella
c_333,d_5,Batawala
c_334,d_5,Battaramulla
c_335,d_5,Biyagama
c_336,d_5,Bope
c_337,d_5,Boralesgamuwa
c_338,d_5,Colombo 8
c_339,d_5,Dedigamuwa
c_340,d_5,Dehiwala
c_341,d_5,Deltara
c_342,d_5,Habarakada
c_343,d_5,Hanwella
c_344,d_5,Hiripitya
c_345,d_5,Hokandara
c_346,d_5,Homagama
c_347,d_5,Horagala
c_348,d_5,Kaduwela
c_349,d_5,Kaluaggala
c_350,d_5,Kapugoda
c_351,d_5,Kehelwatta
c_352,d_5,Kiriwattuduwa
c_353,d_5,Kolonnawa
c_354,d_5,Kosgama
c_355,d_5,Madapatha
c_356,d_5,Maharagama
c_357,d_5,Malabe
c_358,d_5,Moratuwa
c_359,d_5,Mount Lavinia
c_360,d_5,Mullegama
c_361,d_5,Napawela
c_362,d_5,Nugegoda
c_363,d_5,Padukka
c_364,d_5,Pannipitiya
c_365,d_5,Piliyandala
c_366,d_5,Pitipana Homagama
c_367,d_5,Polgasowita
c_368,d_5,Pugoda
c_369,d_5,Ranala
c_370,d_5,Siddamulla
c_371,d_5,Siyambalagoda
c_372,d_5,Sri Jayawardenepura
c_373,d_5,Talawatugoda
c_374,d_5,Tummodara
c_375,d_5,Waga
c_376,d_5,Colombo 6
c_377,d_6,Agaliya
c_378,d_6,Ahangama
c_379,d_6,Ahungalla
c_380,d_6,Akmeemana
c_381,d_6,Alawatugoda
c_382,d_6,Aluthwala
c_383,d_6,Ampegama
c_384,d_6,Amugoda
c_385,d_6,Anangoda
c_386,d_6,Angulugaha
c_387,d_6,Ankokkawala
c_388,d_6,Aselapura
c_389,d_6,Baddegama
c_390,d_6,Balapitiya
c_391,d_6,Banagala
c_392,d_6,Batapola
c_393,d_6,Bentota
c_394,d_6,Boossa
c_395,d_6,Dellawa
c_396,d_6,Dikkumbura
c_397,d_6,Dodanduwa
c_398,d_6,Ella Tanabaddegama
c_399,d_6,Elpitiya
c_400,d_6,Galle
c_401,d_6,Ginimellagaha
c_402,d_6,Gintota
c_403,d_6,Godahena
c_404,d_6,Gonamulla Junction
c_405,d_6,Gonapinuwala
c_406,d_6,Habaraduwa
c_407,d_6,Haburugala
c_408,d_6,Hikkaduwa
c_409,d_6,Hiniduma
c_410,d_6,Hiyare
c_411,d_6,Kahaduwa
c_412,d_6,Kahawa
c_413,d_6,Karagoda
c_414,d_6,Karandeniya
c_415,d_6,Kosgoda
c_416,d_6,Kottawagama
c_417,d_6,Kottegoda
c_418,d_6,Kuleegoda
c_419,d_6,Magedara
c_420,d_6,Mahawela Sinhapura
c_421,d_6,Mapalagama
c_422,d_6,Mapalagama Central
c_423,d_6,Mattaka
c_424,d_6,Meda-Keembiya
c_425,d_6,Meetiyagoda
c_426,d_6,Nagoda
c_427,d_6,Nakiyadeniya
c_428,d_6,Nawandagala
c_429,d_6,Neluwa
c_430,d_6,Nindana
c_431,d_6,Pahala Millawa
c_432,d_6,Panangala
c_433,d_6,Pannimulla Panagoda
c_434,d_6,Parana Thanayamgoda
c_435,d_6,Patana
c_436,d_6,Pitigala
c_437,d_6,Poddala
c_438,d_6,Polgampola
c_439,d_6,Porawagama
c_440,d_6,Rantotuwila
c_441,d_6,Talagampola
c_442,d_6,Talgaspe
c_443,d_6,Talpe
c_444,d_6,Tawalama
c_445,d_6,Tiranagama
c_446,d_6,Udalamatta
c_447,d_6,Udugama
c_448,d_6,Uluvitike
c_449,d_6,Unawatuna
c_450,d_6,Unawitiya
c_451,d_6,Uragaha
c_452,d_6,Uragasmanhandiya
c_453,d_6,Wakwella
c_454,d_6,Walahanduwa
c_455,d_6,Wanchawela
c_456,d_6,Wanduramba
c_457,d_6,Warukandeniya
c_458,d_6,Watugedara
c_459,d_6,Weihena
c_460,d_6,Welikanda
c_461,d_6,Wilanagama
c_462,d_6,Yakkalamulla
c_463,d_6,Yatalamatta
c_464,d_7,Akaragama
c_465,d_7,Ambagaspitiya
c_466,d_7,Ambepussa
c_467,d_7,Andiambalama
c_468,d_7,Attanagalla
c_469,d_7,Badalgama
c_470,d_7,Banduragoda
c_471,d_7,Batuwatta
c_472,d_7,Bemmulla
c_473,d_7,Biyagama IPZ
c_474,d_7,Bokalagama
c_475,d_7,Bollete (WP)
c_476,d_7,Bopagama
c_477,d_7,Buthpitiya
c_478,d_7,Dagonna
c_479,d_7,Danowita
c_480,d_7,Debahera
c_481,d_7,Dekatana
c_482,d_7,Delgoda
c_483,d_7,Delwagura
c_484,d_7,Demalagama
c_485,d_7,Demanhandiya
c_486,d_7,Dewalapola
c_487,d_7,Divulapitiya
c_488,d_7,Divuldeniya
c_489,d_7,Dompe
c_490,d_7,Dunagaha
c_491,d_7,Ekala
c_492,d_7,Ellakkala
c_493,d_7,Essella
c_494,d_7,Galedanda
c_495,d_7,Gampaha
c_496,d_7,Ganemulla
c_497,d_7,Giriulla
c_498,d_7,Gonawala
c_499,d_7,Halpe
c_500,d_7,Hapugastenna
c_501,d_7,Heiyanthuduwa
c_502,d_7,Hinatiyana Madawala
c_503,d_7,Hiswella
c_504,d_7,Horampella
c_505,d_7,Hunumulla
c_506,d_7,Hunupola
c_507,d_7,Ihala Madampella
c_508,d_7,Imbulgoda
c_509,d_7,Ja-Ela
c_510,d_7,Kadawatha
c_511,d_7,Kahatowita
c_512,d_7,Kalagedihena
c_513,d_7,Kaleliya
c_514,d_7,Kandana
c_515,d_7,Katana
c_516,d_7,Katudeniya
c_517,d_7,Katunayake
c_518,d_7,Katunayake Air Force Camp
c_519,d_7,Katunayake(FTZ)
c_520,d_7,Katuwellegama
c_521,d_7,Kelaniya
c_522,d_7,Kimbulapitiya
c_523,d_7,Kirindiwela
c_524,d_7,Kitalawalana
c_525,d_7,Kochchikade
c_526,d_7,Kotadeniyawa
c_527,d_7,Kotugoda
c_528,d_7,Kumbaloluwa
c_529,d_7,Loluwagoda
c_530,d_7,Mabodale
c_531,d_7,Madelgamuwa
c_532,d_7,Makewita
c_533,d_7,Makola
c_534,d_7,Malwana
c_535,d_7,Mandawala
c_536,d_7,Marandagahamula
c_537,d_7,Mellawagedara
c_538,d_7,Minuwangoda
c_539,d_7,Mirigama
c_540,d_7,Miriswatta
c_541,d_7,Mithirigala
c_542,d_7,Muddaragama
c_543,d_7,Mudungoda
c_544,d_7,Mulleriyawa New Town
c_545,d_7,Naranwala
c_546,d_7,Nawana
c_547,d_7,Nedungamuwa
c_548,d_7,Negombo
c_549,d_7,Nikadalupotha
c_550,d_7,Nikahetikanda
c_551,d_7,Nittambuwa
c_552,d_7,Niwandama
c_553,d_7,Opatha
c_554,d_7,Pamunugama
c_555,d_7,Pamunuwatta
c_556,d_7,Panawala
c_557,d_7,Pasyala
c_558,d_7,Peliyagoda
c_559,d_7,Pepiliyawala
c_560,d_7,Pethiyagoda
c_561,d_7,Polpithimukulana
c_562,d_7,Puwakpitiya
c_563,d_7,Radawadunna
c_564,d_7,Radawana
c_565,d_7,Raddolugama
c_566,d_7,Ragama
c_567,d_7,Ruggahawila
c_568,d_7,Seeduwa
c_569,d_7,Siyambalape
c_570,d_7,Talahena
c_571,d_7,Thambagalla
c_572,d_7,Thimbirigaskatuwa
c_573,d_7,Tittapattara
c_574,d_7,Udathuthiripitiya
c_575,d_7,Udugampola
c_576,d_7,Uggalboda
c_577,d_7,Urapola
c_578,d_7,Uswetakeiyawa
c_579,d_7,Veyangoda
c_580,d_7,Walgammulla
c_581,d_7,Walpita
c_582,d_7,Walpola (WP)
c_583,d_7,Wathurugama
c_584,d_7,Watinapaha
c_585,d_7,Wattala
c_586,d_7,Weboda
c_587,d_7,Wegowwa
c_588,d_7,Weweldeniya
c_589,d_7,Yakkala
c_590,d_7,Yatiyana
c_591,d_8,Ambalantota
c_592,d_8,Angunakolapelessa
c_593,d_8,Angunakolawewa
c_594,d_8,Bandagiriya Colony
c_595,d_8,Barawakumbuka
c_596,d_8,Beliatta
c_597,d_8,Beragama
c_598,d_8,Beralihela
c_599,d_8,Bundala
c_600,d_8,Ellagala
c_601,d_8,Gangulandeniya
c_602,d_8,Getamanna
c_603,d_8,Goda Koggalla
c_604,d_8,Gonagamuwa Uduwila
c_605,d_8,Gonnoruwa
c_606,d_8,Hakuruwela
c_607,d_8,Hambantota
c_608,d_8,Handugala
c_609,d_8,Hungama
c_610,d_8,Ihala Beligalla
c_611,d_8,Iththa Demaliya
c_612,d_8,Julampitiya
c_613,d_8,Kahandamodara
c_614,d_8,Kariyamaditta
c_615,d_8,Katuwana
c_616,d_8,Kawantissapura
c_617,d_8,Kirama
c_618,d_8,Kirinda
c_619,d_8,Lunama
c_620,d_8,Lunugamwehera
c_621,d_8,Magama
c_622,d_8,Mahagalwewa
c_623,d_8,Mamadala
c_624,d_8,Medamulana
c_625,d_8,Middeniya
c_626,d_8,Meegahajandura
c_627,d_8,Modarawana
c_628,d_8,Mulkirigala
c_629,d_8,Nakulugamuwa
c_630,d_8,Netolpitiya
c_631,d_8,Nihiluwa
c_632,d_8,Padawkema
c_633,d_8,Pahala Andarawewa
c_634,d_8,Rammalawarapitiya
c_635,d_8,Ranakeliya
c_636,d_8,Ranmuduwewa
c_637,d_8,Ranna
c_638,d_8,Ratmalwala
c_639,d_8,Ruhunu Ridiyagama
c_640,d_8,Sooriyawewa Town
c_641,d_8,Tangalla
c_642,d_8,Tissamaharama
c_643,d_8,Uda Gomadiya
c_644,d_8,Udamattala
c_645,d_8,Uswewa
c_646,d_8,Vitharandeniya
c_647,d_8,Walasmulla
c_648,d_8,Weeraketiya
c_649,d_8,Weerawila
c_650,d_8,Weerawila NewTown
c_651,d_8,Wekandawela
c_652,d_8,Weligatta
c_653,d_8,Yatigala
c_654,d_9,Jaffna
c_655,d_10,Agalawatta
c_656,d_10,Alubomulla
c_657,d_10,Anguruwatota
c_658,d_10,Atale
c_659,d_10,Baduraliya
c_660,d_10,Bandaragama
c_661,d_10,Batugampola
c_662,d_10,Bellana
c_663,d_10,Beruwala
c_664,d_10,Bolossagama
c_665,d_10,Bombuwala
c_666,d_10,Boralugoda
c_667,d_10,Bulathsinhala
c_668,d_10,Danawala Thiniyawala
c_669,d_10,Delmella
c_670,d_10,Dharga Town
c_671,d_10,Diwalakada
c_672,d_10,Dodangoda
c_673,d_10,Dombagoda
c_674,d_10,Ethkandura
c_675,d_10,Galpatha
c_676,d_10,Gamagoda
c_677,d_10,Gonagalpura
c_678,d_10,Gonapola Junction
c_679,d_10,Govinna
c_680,d_10,Gurulubadda
c_681,d_10,Halkandawila
c_682,d_10,Haltota
c_683,d_10,Halvitigala Colony
c_684,d_10,Halwala
c_685,d_10,Halwatura
c_686,d_10,Handapangoda
c_687,d_10,Hedigalla Colony
c_688,d_10,Henegama
c_689,d_10,Hettimulla
c_690,d_10,Horana
c_691,d_10,Ittapana
c_692,d_10,Kahawala
c_693,d_10,Kalawila Kiranthidiya
c_694,d_10,Kalutara
c_695,d_10,Kananwila
c_696,d_10,Kandanagama
c_697,d_10,Kelinkanda
c_698,d_10,Kitulgoda
c_699,d_10,Koholana
c_700,d_10,Kuda Uduwa
c_701,d_10,Labbala
c_702,d_10,Ihalahewessa
c_703,d_10,Induruwa
c_704,d_10,Ingiriya
c_705,d_10,Maggona
c_706,d_10,Mahagama
c_707,d_10,Mahakalupahana
c_708,d_10,Maharangalla
c_709,d_10,Malgalla Talangalla
c_710,d_10,Matugama
c_711,d_10,Meegahatenna
c_712,d_10,Meegama
c_713,d_10,Meegoda
c_714,d_10,Millaniya
c_715,d_10,Millewa
c_716,d_10,Miwanapalana
c_717,d_10,Molkawa
c_718,d_10,Morapitiya
c_719,d_10,Morontuduwa
c_720,d_10,Nawattuduwa
c_721,d_10,Neboda
c_722,d_10,Padagoda
c_723,d_10,Pahalahewessa
c_724,d_10,Paiyagala
c_725,d_10,Panadura
c_726,d_10,Pannala
c_727,d_10,Paragastota
c_728,d_10,Paragoda
c_729,d_10,Paraigama
c_730,d_10,Pelanda
c_731,d_10,Pelawatta
c_732,d_10,Pimbura
c_733,d_10,Pitagaldeniya
c_734,d_10,Pokunuwita
c_735,d_10,Poruwedanda
c_736,d_10,Ratmale
c_737,d_10,Remunagoda
c_738,d_10,Talgaswela
c_739,d_10,Tebuwana
c_740,d_10,Uduwara
c_741,d_10,Utumgama
c_742,d_10,Veyangalla
c_743,d_10,Wadduwa
c_744,d_10,Walagedara
c_745,d_10,Walallawita
c_746,d_10,Waskaduwa
c_747,d_10,Welipenna
c_748,d_10,Weliveriya
c_749,d_10,Welmilla Junction
c_750,d_10,Weragala
c_751,d_10,Yagirala
c_752,d_10,Yatadolawatta
c_753,d_10,Yatawara Junction
c_754,d_11,Aludeniya
c_755,d_11,Ambagahapelessa
c_756,d_11,Ambagamuwa Udabulathgama
c_757,d_11,Ambatenna
c_758,d_11,Ampitiya
c_759,d_11,Ankumbura
c_760,d_11,Atabage
c_761,d_11,Balana
c_762,d_11,Bambaragahaela
c_763,d_11,Batagolladeniya
c_764,d_11,Batugoda
c_765,d_11,Batumulla
c_766,d_11,Bawlana
c_767,d_11,Bopana
c_768,d_11,Danture
c_769,d_11,Dedunupitiya
c_770,d_11,Dekinda
c_771,d_11,Deltota
c_772,d_11,Divulankadawala
c_773,d_11,Dolapihilla
c_774,d_11,Dolosbage
c_775,d_11,Dunuwila
c_776,d_11,Etulgama
c_777,d_11,Galaboda
c_778,d_11,Galagedara
c_779,d_11,Galaha
c_780,d_11,Galhinna
c_781,d_11,Gampola
c_782,d_11,Gelioya
c_783,d_11,Godamunna
c_784,d_11,Gomagoda
c_785,d_11,Gonagantenna
c_786,d_11,Gonawalapatana
c_787,d_11,Gunnepana
c_788,d_11,Gurudeniya
c_789,d_11,Hakmana
c_790,d_11,Handaganawa
c_791,d_11,Handawalapitiya
c_792,d_11,Handessa
c_793,d_20,Hanguranketha
c_794,d_11,Harangalagama
c_795,d_11,Hataraliyadda
c_796,d_11,Hindagala
c_797,d_11,Hondiyadeniya
c_798,d_11,Hunnasgiriya
c_799,d_11,Inguruwatta
c_800,d_11,Jambugahapitiya
c_801,d_11,Kadugannawa
c_802,d_11,Kahataliyadda
c_803,d_11,Kalugala
c_804,d_11,Kandy
c_805,d_11,Kapuliyadde
c_806,d_11,Katugastota
c_807,d_11,Katukitula
c_808,d_11,Kelanigama
c_809,d_11,Kengalla
c_810,d_11,Ketaboola
c_811,d_11,Ketakumbura
c_812,d_11,Kobonila
c_813,d_11,Kolabissa
c_814,d_11,Kolongoda
c_815,d_11,Kulugammana
c_816,d_11,Kumbukkandura
c_817,d_11,Kumburegama
c_818,d_11,Kundasale
c_819,d_11,Leemagahakotuwa
c_820,d_11,Ihala Kobbekaduwa
c_821,d_11,Lunugama
c_822,d_11,Lunuketiya Maditta
c_823,d_11,Madawala Bazaar
c_824,d_11,Madawalalanda
c_825,d_11,Madugalla
c_826,d_11,Madulkele
c_827,d_11,Mahadoraliyadda
c_828,d_11,Mahamedagama
c_829,d_11,Mahanagapura
c_830,d_11,Mailapitiya
c_831,d_11,Makkanigama
c_832,d_11,Makuldeniya
c_833,d_11,Mangalagama
c_834,d_11,Mapakanda
c_835,d_11,Marassana
c_836,d_20,Marymount Colony
c_837,d_11,Mawatura
c_838,d_11,Medamahanuwara
c_839,d_11,Medawala Harispattuwa
c_840,d_11,Meetalawa
c_841,d_11,Megoda Kalugamuwa
c_842,d_11,Menikdiwela
c_843,d_11,Menikhinna
c_844,d_11,Mimure
c_845,d_11,Minigamuwa
c_846,d_11,Minipe
c_847,d_11,Moragahapallama
c_848,d_11,Murutalawa
c_849,d_11,Muruthagahamulla
c_850,d_11,Nanuoya
c_851,d_11,Naranpanawa
c_852,d_11,Narawelpita
c_853,d_11,Nawalapitiya
c_854,d_11,Nawathispane
c_855,d_11,Nillambe
c_856,d_11,Nugaliyadda
c_857,d_11,Ovilikanda
c_858,d_11,Pallekotuwa
c_859,d_11,Panwilatenna
c_860,d_11,Paradeka
c_861,d_11,Pasbage
c_862,d_11,Pattitalawa
c_863,d_11,Peradeniya
c_864,d_11,Pilimatalawa
c_865,d_11,Poholiyadda
c_866,d_11,Pubbiliya
c_867,d_11,Pupuressa
c_868,d_11,Pussellawa
c_869,d_11,Putuhapuwa
c_870,d_11,Rajawella
c_871,d_11,Rambukpitiya
c_872,d_11,Rambukwella
c_873,d_11,Rangala
c_874,d_11,Rantembe
c_875,d_11,Sangarajapura
c_876,d_11,Senarathwela
c_877,d_11,Talatuoya
c_878,d_11,Teldeniya
c_879,d_11,Tennekumbura
c_880,d_11,Uda Peradeniya
c_881,d_11,Udahentenna
c_882,d_11,Udatalawinna
c_883,d_11,Udispattuwa
c_884,d_11,Ududumbara
c_885,d_11,Uduwahinna
c_886,d_11,Uduwela
c_887,d_11,Ulapane
c_888,d_11,Unuwinna
c_889,d_11,Velamboda
c_890,d_11,Watagoda
c_891,d_11,Watagoda Harispattuwa
c_892,d_11,Wattappola
c_893,d_11,Weligampola
c_894,d_11,Wendaruwa
c_895,d_11,Weragantota
c_896,d_11,Werapitya
c_897,d_11,Werellagama
c_898,d_11,Wettawa
c_899,d_11,Yahalatenna
c_900,d_11,Yatihalagala
c_901,d_12,Alawala
c_902,d_12,Alawatura
c_903,d_12,Alawwa
c_904,d_12,Algama
c_905,d_12,Alutnuwara
c_906,d_12,Ambalakanda
c_907,d_12,Ambulugala
c_908,d_12,Amitirigala
c_909,d_12,Ampagala
c_910,d_12,Anhandiya
c_911,d_12,Anhettigama
c_912,d_12,Aranayaka
c_913,d_12,Aruggammana
c_914,d_12,Batuwita
c_915,d_12,Beligala(Sab)
c_916,d_12,Belihuloya
c_917,d_12,Berannawa
c_918,d_12,Bopitiya
c_919,d_12,Bopitiya (SAB)
c_920,d_12,Boralankada
c_921,d_12,Bossella
c_922,d_12,Bulathkohupitiya
c_923,d_12,Damunupola
c_924,d_12,Debathgama
c_925,d_12,Dedugala
c_926,d_12,Deewala Pallegama
c_927,d_12,Dehiowita
c_928,d_12,Deldeniya
c_929,d_12,Deloluwa
c_930,d_12,Deraniyagala
c_931,d_12,Dewalegama
c_932,d_12,Dewanagala
c_933,d_12,Dombemada
c_934,d_12,Dorawaka
c_935,d_12,Dunumala
c_936,d_12,Galapitamada
c_937,d_12,Galatara
c_938,d_12,Galigamuwa Town
c_939,d_12,Gallella
c_940,d_12,Galpatha(Sab)
c_941,d_12,Gantuna
c_942,d_12,Getahetta
c_943,d_12,Godagampola
c_944,d_12,Gonagala
c_945,d_12,Hakahinna
c_946,d_12,Hakbellawaka
c_947,d_12,Halloluwa
c_948,d_12,Hedunuwewa
c_949,d_12,Hemmatagama
c_950,d_12,Hewadiwela
c_951,d_12,Hingula
c_952,d_12,Hinguralakanda
c_953,d_12,Hingurana
c_954,d_12,Hiriwadunna
c_955,d_12,Ihala Walpola
c_956,d_12,Ihalagama
c_957,d_12,Imbulana
c_958,d_12,Imbulgasdeniya
c_959,d_12,Kabagamuwa
c_960,d_12,Kahapathwala
c_961,d_12,Kandaketya
c_962,d_12,Kannattota
c_963,d_12,Karagahinna
c_964,d_12,Kegalle
c_965,d_12,Kehelpannala
c_966,d_12,Ketawala Leula
c_967,d_12,Kitulgala
c_968,d_12,Kondeniya
c_969,d_12,Kotiyakumbura
c_970,d_12,Lewangama
c_971,d_12,Mahabage
c_972,d_12,Makehelwala
c_973,d_12,Malalpola
c_974,d_12,Maldeniya
c_975,d_12,Maliboda
c_976,d_12,Maliyadda
c_977,d_12,Malmaduwa
c_978,d_12,Marapana
c_979,d_12,Mawanella
c_980,d_12,Meetanwala
c_981,d_12,Migastenna Sabara
c_982,d_12,Miyanawita
c_983,d_12,Molagoda
c_984,d_12,Morontota
c_985,d_12,Narangala
c_986,d_12,Narangoda
c_987,d_12,Nattarampotha
c_988,d_12,Nelundeniya
c_989,d_12,Niyadurupola
c_990,d_12,Noori
c_991,d_12,Pannila
c_992,d_12,Pattampitiya
c_993,d_12,Pilawala
c_994,d_12,Pothukoladeniya
c_995,d_12,Puswelitenna
c_996,d_12,Rambukkana
c_997,d_12,Rilpola
c_998,d_12,Rukmale
c_999,d_12,Ruwanwella
c_1000,d_12,Samanalawewa
c_1001,d_12,Seaforth Colony
c_1002,d_5,Colombo 2
c_1003,d_12,Spring Valley
c_1004,d_12,Talgaspitiya
c_1005,d_12,Teligama
c_1006,d_12,Tholangamuwa
c_1007,d_12,Thotawella
c_1008,d_12,Udaha Hawupe
c_1009,d_12,Udapotha
c_1010,d_12,Uduwa
c_1011,d_12,Undugoda
c_1012,d_12,Ussapitiya
c_1013,d_12,Wahakula
c_1014,d_12,Waharaka
c_1015,d_12,Wanaluwewa
c_1016,d_12,Warakapola
c_1017,d_12,Watura
c_1018,d_12,Weeoya
c_1019,d_12,Wegalla
c_1020,d_12,Weligalla
c_1021,d_12,Welihelatenna
c_1022,d_12,Wewelwatta
c_1023,d_12,Yatagama
c_1024,d_12,Yatapana
c_1025,d_12,Yatiyantota
c_1026,d_12,Yattogoda
c_1027,d_13,Kandavalai
c_1028,d_13,Karachchi
c_1029,d_13,Kilinochchi
c_1030,d_13,Pachchilaipalli
c_1031,d_13,Poonakary
c_1032,d_11,Akurana
c_1033,d_14,Alahengama
c_1034,d_14,Alahitiyawa
c_1035,d_14,Ambakote
c_1036,d_14,Ambanpola
c_1037,d_14,Andiyagala
c_1038,d_14,Anukkane
c_1039,d_14,Aragoda
c_1040,d_14,Ataragalla
c_1041,d_14,Awulegama
c_1042,d_14,Balalla
c_1043,d_14,Bamunukotuwa
c_1044,d_14,Bandara Koswatta
c_1045,d_14,Bingiriya
c_1046,d_14,Bogamulla
c_1047,d_14,Boraluwewa
c_1048,d_14,Boyagane
c_1049,d_14,Bujjomuwa
c_1050,d_14,Buluwala
c_1051,d_14,Dadayamtalawa
c_1052,d_14,Dambadeniya
c_1053,d_14,Daraluwa
c_1054,d_14,Deegalla
c_1055,d_14,Demataluwa
c_1056,d_14,Demuwatha
c_1057,d_14,Diddeniya
c_1058,d_14,Digannewa
c_1059,d_14,Divullegoda
c_1060,d_14,Diyasenpura
c_1061,d_14,Dodangaslanda
c_1062,d_14,Doluwa
c_1063,d_14,Doragamuwa
c_1064,d_14,Doratiyawa
c_1065,d_14,Dunumadalawa
c_1066,d_14,Dunuwilapitiya
c_1067,d_14,Ehetuwewa
c_1068,d_14,Elibichchiya
c_1069,d_14,Embogama
c_1070,d_14,Etungahakotuwa
c_1071,d_14,Galadivulwewa
c_1072,d_14,Galgamuwa
c_1073,d_14,Gallellagama
c_1074,d_14,Gallewa
c_1075,d_14,Ganegoda
c_1076,d_14,Girathalana
c_1077,d_14,Gokaralla
c_1078,d_14,Gonawila
c_1079,d_14,Halmillawewa
c_1080,d_14,Handungamuwa
c_1081,d_14,Harankahawa
c_1082,d_14,Helamada
c_1083,d_14,Hengamuwa
c_1084,d_14,Hettipola
c_1085,d_14,Hewainna
c_1086,d_14,Hilogama
c_1087,d_14,Hindagolla
c_1088,d_14,Hiriyala Lenawa
c_1089,d_14,Hiruwalpola
c_1090,d_14,Horambawa
c_1091,d_14,Hulogedara
c_1092,d_14,Hulugalla
c_1093,d_14,Ihala Gomugomuwa
c_1094,d_14,Ihala Katugampala
c_1095,d_14,Indulgodakanda
c_1096,d_14,Ithanawatta
c_1097,d_14,Kadigawa
c_1098,d_14,Kalankuttiya
c_1099,d_14,Kalatuwawa
c_1100,d_14,Kalugamuwa
c_1101,d_14,Kanadeniyawala
c_1102,d_14,Kanattewewa
c_1103,d_14,Kandegedara
c_1104,d_14,Karagahagedara
c_1105,d_14,Karambe
c_1106,d_14,Katiyawa
c_1107,d_14,Katupota
c_1108,d_14,Kawudulla
c_1109,d_14,Kawuduluwewa Stagell
c_1110,d_14,Kekunagolla
c_1111,d_14,Keppitiwalana
c_1112,d_14,Kimbulwanaoya
c_1113,d_14,Kirimetiyawa
c_1114,d_14,Kirindawa
c_1115,d_14,Kirindigalla
c_1116,d_14,Kithalawa
c_1117,d_14,Kitulwala
c_1118,d_14,Kobeigane
c_1119,d_14,Kohilagedara
c_1120,d_14,Konwewa
c_1121,d_14,Kosdeniya
c_1122,d_14,Kosgolla
c_1123,d_14,Kotagala
c_1124,d_5,Colombo 13
c_1125,d_14,Kotawehera
c_1126,d_14,Kudagalgamuwa
c_1127,d_14,Kudakatnoruwa
c_1128,d_14,Kuliyapitiya
c_1129,d_14,Kumaragama
c_1130,d_14,Kumbukgeta
c_1131,d_14,Kumbukwewa
c_1132,d_14,Kuratihena
c_1133,d_14,Kurunegala
c_1134,d_14,Ibbagamuwa
c_1135,d_14,Ihala Kadigamuwa
c_1136,d_14,Lihiriyagama
c_1137,d_14,Illagolla
c_1138,d_14,Ilukhena
c_1139,d_14,Lonahettiya
c_1140,d_14,Madahapola
c_1141,d_14,Madakumburumulla
c_1142,d_14,Madalagama
c_1143,d_14,Madawala Ulpotha
c_1144,d_14,Maduragoda
c_1145,d_14,Maeliya
c_1146,d_14,Magulagama
c_1147,d_14,Maha Ambagaswewa
c_1148,d_14,Mahagalkadawala
c_1149,d_14,Mahagirilla
c_1150,d_14,Mahamukalanyaya
c_1151,d_14,Mahananneriya
c_1152,d_14,Mahapallegama
c_1153,d_14,Maharachchimulla
c_1154,d_14,Mahatalakolawewa
c_1155,d_14,Mahawewa
c_1156,d_14,Maho
c_1157,d_14,Makulewa
c_1158,d_14,Makulpotha
c_1159,d_14,Makulwewa
c_1160,d_14,Malagane
c_1161,d_14,Mandapola
c_1162,d_14,Maspotha
c_1163,d_14,Mawathagama
c_1164,d_14,Medirigiriya
c_1165,d_14,Medivawa
c_1166,d_14,Meegalawa
c_1167,d_14,Meegaswewa
c_1168,d_14,Meewellawa
c_1169,d_14,Melsiripura
c_1170,d_14,Metikumbura
c_1171,d_14,Metiyagane
c_1172,d_14,Minhettiya
c_1173,d_14,Minuwangete
c_1174,d_14,Mirihanagama
c_1175,d_14,Monnekulama
c_1176,d_14,Moragane
c_1177,d_14,Moragollagama
c_1178,d_14,Morathiha
c_1179,d_14,Munamaldeniya
c_1180,d_14,Muruthenge
c_1181,d_14,Mutugala
c_1182,d_14,Nabadewa
c_1183,d_14,Nagollagama
c_1184,d_14,Nagollagoda
c_1185,d_14,Nakkawatta
c_1186,d_14,Narammala
c_1187,d_14,Nawasenapura
c_1188,d_14,Nawatalwatta
c_1189,d_14,Nelliya
c_1190,d_14,Nikaweratiya
c_1191,d_14,Nugagolla
c_1192,d_14,Nugawela
c_1193,d_14,Padeniya
c_1194,d_14,Padiwela
c_1195,d_14,Pahalagiribawa
c_1196,d_14,Pahamune
c_1197,d_14,Palagala
c_1198,d_14,Palapathwela
c_1199,d_14,Palaviya
c_1200,d_14,Pallewela
c_1201,d_14,Palukadawala
c_1202,d_14,Panadaragama
c_1203,d_14,Panagamuwa
c_1204,d_14,Panaliya
c_1205,d_14,Panapitiya
c_1206,d_14,Panliyadda
c_1207,d_14,Pansiyagama
c_1208,d_14,Parape
c_1209,d_14,Pathanewatta
c_1210,d_14,Pattiya Watta
c_1211,d_14,Perakanatta
c_1212,d_14,Periyakadneluwa
c_1213,d_14,Pihimbiya Ratmale
c_1214,d_14,Pihimbuwa
c_1215,d_14,Pilessa
c_1216,d_14,Polgahawela
c_1217,d_14,Polgolla
c_1218,d_14,Polpithigama
c_1219,d_14,Pothuhera
c_1220,d_14,Pothupitiya
c_1221,d_14,Pujapitiya
c_1222,d_14,Rakwana
c_1223,d_14,Ranorawa
c_1224,d_14,Rathukohodigala
c_1225,d_14,Ridibendiella
c_1226,d_14,Ridigama
c_1227,d_14,Saliya Asokapura
c_1228,d_14,Sandalankawa
c_1229,d_14,Sevanapitiya
c_1230,d_14,Sirambiadiya
c_1231,d_14,Sirisetagama
c_1232,d_14,Siyambalangamuwa
c_1233,d_14,Siyambalawewa
c_1234,d_14,Solepura
c_1235,d_14,Solewewa
c_1236,d_14,Sunandapura
c_1237,d_14,Talawattegedara
c_1238,d_14,Tambutta
c_1239,d_14,Tennepanguwa
c_1240,d_14,Thalahitimulla
c_1241,d_14,Thalakolawewa
c_1242,d_14,Thalwita
c_1243,d_14,Tharana Udawela
c_1244,d_14,Thimbiriyawa
c_1245,d_14,Tisogama
c_1246,d_14,Thorayaya
c_1247,d_14,Tulhiriya
c_1248,d_14,Tuntota
c_1249,d_14,Tuttiripitigama
c_1250,d_14,Udagaldeniya
c_1251,d_14,Udahingulwala
c_1252,d_14,Udawatta
c_1253,d_14,Udubaddawa
c_1254,d_14,Udumulla
c_1255,d_14,Uhumiya
c_1256,d_14,Ulpotha Pallekele
c_1257,d_14,Ulpothagama
c_1258,d_14,Usgala Siyabmalangamuwa
c_1259,d_14,Vijithapura
c_1260,d_14,Wadakada
c_1261,d_14,Wadumunnegedara
c_1262,d_14,Walakumburumulla
c_1263,d_14,Wannigama
c_1264,d_14,Wannikudawewa
c_1265,d_14,Wannilhalagama
c_1266,d_14,Wannirasnayakapura
c_1267,d_14,Warawewa
c_1268,d_14,Wariyapola
c_1269,d_14,Watareka
c_1270,d_14,Wattegama
c_1271,d_14,Watuwatta
c_1272,d_14,Weerapokuna
c_1273,d_14,Welawa Juncton
c_1274,d_14,Welipennagahamulla
c_1275,d_14,Wellagala
c_1276,d_14,Wellarawa
c_1277,d_14,Wellawa
c_1278,d_14,Welpalla
c_1279,d_14,Wennoruwa
c_1280,d_14,Weuda
c_1281,d_14,Wewagama
c_1282,d_14,Wilgamuwa
c_1283,d_14,Yakwila
c_1284,d_14,Yatigaloluwa
c_1285,d_15,Mannar
c_1286,d_15,Puthukudiyiruppu
c_1287,d_16,Akuramboda
c_1288,d_16,Alawatuwala
c_1289,d_16,Alwatta
c_1290,d_16,Ambana
c_1291,d_16,Aralaganwila
c_1292,d_16,Ataragallewa
c_1293,d_16,Bambaragaswewa
c_1294,d_16,Barawardhana Oya
c_1295,d_16,Beligamuwa
c_1296,d_16,Damana
c_1297,d_16,Dambulla
c_1298,d_16,Damminna
c_1299,d_16,Dankanda
c_1300,d_16,Delwite
c_1301,d_16,Devagiriya
c_1302,d_16,Dewahuwa
c_1303,d_16,Divuldamana
c_1304,d_16,Dullewa
c_1305,d_16,Dunkolawatta
c_1306,d_16,Elkaduwa
c_1307,d_16,Erawula Junction
c_1308,d_16,Etanawala
c_1309,d_16,Galewela
c_1310,d_16,Galoya Junction
c_1311,d_16,Gammaduwa
c_1312,d_16,Gangala Puwakpitiya
c_1313,d_16,Hasalaka
c_1314,d_16,Hattota Amuna
c_1315,d_16,Imbulgolla
c_1316,d_16,Inamaluwa
c_1317,d_16,Iriyagolla
c_1318,d_16,Kaikawala
c_1319,d_16,Kalundawa
c_1320,d_16,Kandalama
c_1321,d_16,Kavudupelella
c_1322,d_16,Kibissa
c_1323,d_16,Kiwula
c_1324,d_16,Kongahawela
c_1325,d_16,Laggala Pallegama
c_1326,d_16,Leliambe
c_1327,d_16,Lenadora
c_1328,d_16,Ihala Halmillewa
c_1329,d_16,Illukkumbura
c_1330,d_16,Madipola
c_1331,d_16,Mahawela
c_1332,d_16,Mananwatta
c_1333,d_16,Maraka
c_1334,d_16,Matale
c_1335,d_16,Melipitiya
c_1336,d_16,Metihakka
c_1337,d_16,Millawana
c_1338,d_16,Muwandeniya
c_1339,d_16,Nalanda
c_1340,d_16,Naula
c_1341,d_16,Opalgala
c_1342,d_16,Pallepola
c_1343,d_16,Pimburattewa
c_1344,d_16,Pulastigama
c_1345,d_16,Ranamuregama
c_1346,d_16,Rattota
c_1347,d_16,Selagama
c_1348,d_16,Sigiriya
c_1349,d_16,Sinhagama
c_1350,d_16,Sungavila
c_1351,d_16,Talagoda Junction
c_1352,d_16,Talakiriyagama
c_1353,d_16,Tamankaduwa
c_1354,d_16,Udasgiriya
c_1355,d_16,Udatenna
c_1356,d_16,Ukuwela
c_1357,d_16,Wahacotte
c_1358,d_16,Walawela
c_1359,d_16,Wehigala
c_1360,d_16,Welangahawatte
c_1361,d_16,Wewalawewa
c_1362,d_16,Yatawatta
c_1363,d_17,Akuressa
c_1364,d_17,Alapaladeniya
c_1365,d_17,Aparekka
c_1366,d_17,Athuraliya
c_1367,d_17,Bengamuwa
c_1368,d_17,Bopagoda
c_1369,d_17,Dampahala
c_1370,d_17,Deegala Lenama
c_1371,d_17,Deiyandara
c_1372,d_17,Denagama
c_1373,d_17,Denipitiya
c_1374,d_17,Deniyaya
c_1375,d_17,Derangala
c_1376,d_17,Devinuwara (Dondra)
c_1377,d_17,Dikwella
c_1378,d_17,Diyagaha
c_1379,d_17,Diyalape
c_1380,d_17,Gandara
c_1381,d_17,Godapitiya
c_1382,d_17,Gomilamawarala
c_1383,d_17,Hawpe
c_1384,d_17,Horapawita
c_1385,d_17,Kalubowitiyana
c_1386,d_17,Kamburugamuwa
c_1387,d_17,Kamburupitiya
c_1388,d_17,Karagoda Uyangoda
c_1389,d_17,Karaputugala
c_1390,d_17,Karatota
c_1391,d_17,Kekanadura
c_1392,d_17,Kiriweldola
c_1393,d_17,Kiriwelkele
c_1394,d_17,Kolawenigama
c_1395,d_17,Kotapola
c_1396,d_17,Lankagama
c_1397,d_17,Makandura
c_1398,d_17,Maliduwa
c_1399,d_17,Maramba
c_1400,d_17,Matara
c_1401,d_17,Mediripitiya
c_1402,d_17,Miella
c_1403,d_17,Mirissa
c_1404,d_17,Morawaka
c_1405,d_17,Mulatiyana Junction
c_1406,d_17,Nadugala
c_1407,d_17,Naimana
c_1408,d_17,Palatuwa
c_1409,d_17,Parapamulla
c_1410,d_17,Pasgoda
c_1411,d_17,Penetiyana
c_1412,d_17,Pitabeddara
c_1413,d_17,Puhulwella
c_1414,d_17,Radawela
c_1415,d_17,Ransegoda
c_1416,d_17,Rotumba
c_1417,d_17,Sultanagoda
c_1418,d_17,Telijjawila
c_1419,d_17,Thihagoda
c_1420,d_17,Urubokka
c_1421,d_17,Urugamuwa
c_1422,d_17,Urumutta
c_1423,d_17,Viharahena
c_1424,d_17,Walakanda
c_1425,d_17,Walasgala
c_1426,d_17,Waralla
c_1427,d_17,Weligama
c_1428,d_17,Wilpita
c_1429,d_17,Yatiyana
c_1430,d_18,Ayiwela
c_1431,d_18,Badalkumbura
c_1432,d_18,Baduluwela
c_1433,d_18,Bakinigahawela
c_1434,d_18,Balaharuwa
c_1435,d_18,Bibile
c_1436,d_18,Buddama
c_1437,d_18,Buttala
c_1438,d_18,Dambagalla
c_1439,d_18,Diyakobala
c_1440,d_18,Dombagahawela
c_1441,d_18,Ethimalewewa
c_1442,d_18,Ettiliwewa
c_1443,d_18,Galabedda
c_1444,d_18,Gamewela
c_1445,d_18,Hambegamuwa
c_1446,d_18,Hingurukaduwa
c_1447,d_18,Hulandawa
c_1448,d_18,Inginiyagala
c_1449,d_18,Kandaudapanguwa
c_1450,d_18,Kandawinna
c_1451,d_18,Kataragama
c_1452,d_18,Kotagama
c_1453,d_18,Kotamuduna
c_1454,d_18,Kotawehera Mankada
c_1455,d_18,Kudawewa
c_1456,d_18,Kumbukkana
c_1457,d_18,Marawa
c_1458,d_18,Mariarawa
c_1459,d_18,Medagana
c_1460,d_18,Medawelagama
c_1461,d_18,Miyanakandura
c_1462,d_18,Monaragala
c_1463,d_18,Moretuwegama
c_1464,d_18,Nakkala
c_1465,d_18,Namunukula
c_1466,d_18,Nannapurawa
c_1467,d_18,Nelliyadda
c_1468,d_18,Nilgala
c_1469,d_18,Obbegoda
c_1470,d_18,Okkampitiya
c_1471,d_18,Pangura
c_1472,d_18,Pitakumbura
c_1473,d_18,Randeniya
c_1474,d_18,Ruwalwela
c_1475,d_18,Sella Kataragama
c_1476,d_18,Siyambalagune
c_1477,d_18,Siyambalanduwa
c_1478,d_18,Suriara
c_1479,d_18,Thanamalwila
c_1480,d_18,Uva Gangodagama
c_1481,d_18,Uva Kudaoya
c_1482,d_18,Uva Pelwatta
c_1483,d_18,Warunagama
c_1484,d_18,Wedikumbura
c_1485,d_18,Weherayaya Handapanagala
c_1486,d_18,Wellawaya
c_1487,d_18,Wilaoya
c_1488,d_18,Yudaganawa
c_1489,d_19,Mullativu
c_1490,d_20,Agarapathana
c_1491,d_20,Ambatalawa
c_1492,d_20,Ambewela
c_1493,d_20,Bogawantalawa
c_1494,d_20,Bopattalawa
c_1495,d_20,Dagampitiya
c_1496,d_20,Dayagama Bazaar
c_1497,d_20,Dikoya
c_1498,d_20,Doragala
c_1499,d_20,Dunukedeniya
c_1500,d_20,Egodawela
c_1501,d_20,Ekiriya
c_1502,d_20,Elamulla
c_1503,d_20,Ginigathena
c_1504,d_20,Gonakele
c_1505,d_20,Haggala
c_1506,d_20,Halgranoya
c_1507,d_20,Hangarapitiya
c_1508,d_20,Hapugasthalawa
c_1509,d_20,Harasbedda
c_1510,d_20,Hatton
c_1511,d_20,Hewaheta
c_1512,d_20,Hitigegama
c_1513,d_20,Jangulla
c_1514,d_20,Kalaganwatta
c_1515,d_20,Kandapola
c_1516,d_20,Karandagolla
c_1517,d_20,Keerthi Bandarapura
c_1518,d_20,Kiribathkumbura
c_1519,d_20,Kotiyagala
c_1520,d_20,Kotmale
c_1521,d_20,Kottellena
c_1522,d_20,Kumbalgamuwa
c_1523,d_20,Kumbukwela
c_1524,d_20,Kurupanawela
c_1525,d_20,Labukele
c_1526,d_20,Laxapana
c_1527,d_20,Lindula
c_1528,d_20,Madulla
c_1529,d_20,Mandaram Nuwara
c_1530,d_20,Maskeliya
c_1531,d_20,Maswela
c_1532,d_20,Maturata
c_1533,d_20,Mipanawa
c_1534,d_20,Mipilimana
c_1535,d_20,Morahenagama
c_1536,d_20,Munwatta
c_1537,d_20,Nayapana Janapadaya
c_1538,d_20,Nildandahinna
c_1539,d_20,Nissanka Uyana
c_1540,d_20,Norwood
c_1541,d_20,Nuwara Eliya
c_1542,d_20,Padiyapelella
c_1543,d_20,Pallebowala
c_1544,d_20,Panvila
c_1545,d_20,Pitawala
c_1546,d_20,Pundaluoya
c_1547,d_20,Ramboda
c_1548,d_20,Rikillagaskada
c_1549,d_20,Rozella
c_1550,d_20,Rupaha
c_1551,d_20,Ruwaneliya
c_1552,d_20,Santhipura
c_1553,d_20,Talawakele
c_1554,d_20,Tawalantenna
c_1555,d_20,Teripeha
c_1556,d_20,Udamadura
c_1557,d_20,Udapussallawa
c_1558,d_20,Uva Deegalla
c_1559,d_20,Uva Uduwara
c_1560,d_20,Uvaparanagama
c_1561,d_20,Walapane
c_1562,d_20,Watawala
c_1563,d_20,Widulipura
c_1564,d_20,Wijebahukanda
c_1565,d_21,Attanakadawala
c_1566,d_21,Bakamuna
c_1567,d_21,Diyabeduma
c_1568,d_21,Elahera
c_1569,d_21,Giritale
c_1570,d_21,Hingurakdamana
c_1571,d_21,Hingurakgoda
c_1572,d_21,Jayanthipura
c_1573,d_21,Kalingaela
c_1574,d_21,Lakshauyana
c_1575,d_21,Mankemi
c_1576,d_21,Minneriya
c_1577,d_21,Onegama
c_1578,d_21,Orubendi Siyambalawa
c_1579,d_21,Palugasdamana
c_1580,d_21,Panichankemi
c_1581,d_21,Polonnaruwa
c_1582,d_21,Talpotha
c_1583,d_21,Tambala
c_1584,d_21,Unagalavehera
c_1585,d_21,Wijayabapura
c_1586,d_22,Adippala
c_1587,d_22,Alutgama
c_1588,d_22,Alutwewa
c_1589,d_22,Ambakandawila
c_1590,d_22,Anamaduwa
c_1591,d_22,Andigama
c_1592,d_22,Angunawila
c_1593,d_22,Attawilluwa
c_1594,d_22,Bangadeniya
c_1595,d_22,Baranankattuwa
c_1596,d_22,Battuluoya
c_1597,d_22,Bujjampola
c_1598,d_22,Chilaw
c_1599,d_22,Dalukana
c_1600,d_22,Dankotuwa
c_1601,d_22,Dewagala
c_1602,d_22,Dummalasuriya
c_1603,d_22,Dunkannawa
c_1604,d_22,Eluwankulama
c_1605,d_22,Ettale
c_1606,d_22,Galamuna
c_1607,d_22,Galmuruwa
c_1608,d_22,Hansayapalama
c_1609,d_22,Ihala Kottaramulla
c_1610,d_22,Ilippadeniya
c_1611,d_22,Inginimitiya
c_1612,d_22,Ismailpuram
c_1613,d_22,Jayasiripura
c_1614,d_22,Kakkapalliya
c_1615,d_22,Kalkudah
c_1616,d_22,Kalladiya
c_1617,d_22,Kandakuliya
c_1618,d_22,Karathivu
c_1619,d_22,Karawitagara
c_1620,d_22,Karuwalagaswewa
c_1621,d_22,Katuneriya
c_1622,d_22,Koswatta
c_1623,d_22,Kottantivu
c_1624,d_22,Kottapitiya
c_1625,d_22,Kottukachchiya
c_1626,d_22,Kumarakattuwa
c_1627,d_22,Kurinjanpitiya
c_1628,d_22,Kuruketiyawa
c_1629,d_22,Lunuwila
c_1630,d_22,Madampe
c_1631,d_22,Madurankuliya
c_1632,d_22,Mahakumbukkadawala
c_1633,d_22,Mahauswewa
c_1634,d_22,Mampitiya
c_1635,d_22,Mampuri
c_1636,d_22,Mangalaeliya
c_1637,d_22,Marawila
c_1638,d_22,Mudalakkuliya
c_1639,d_22,Mugunuwatawana
c_1640,d_22,Mukkutoduwawa
c_1641,d_22,Mundel
c_1642,d_22,Muttibendiwila
c_1643,d_22,Nainamadama
c_1644,d_22,Nalladarankattuwa
c_1645,d_22,Nattandiya
c_1646,d_22,Nawagattegama
c_1647,d_22,Nelumwewa
c_1648,d_22,Norachcholai
c_1649,d_22,Pallama
c_1650,d_22,Palliwasalturai
c_1651,d_22,Panirendawa
c_1652,d_22,Parakramasamudraya
c_1653,d_22,Pothuwatawana
c_1654,d_22,Puttalam
c_1655,d_22,Puttalam Cement Factory
c_1656,d_22,Rajakadaluwa
c_1657,d_22,Saliyawewa Junction
c_1658,d_22,Serukele
c_1659,d_22,Siyambalagashene
c_1660,d_22,Tabbowa
c_1661,d_22,Talawila Church
c_1662,d_22,Toduwawa
c_1663,d_22,Udappuwa
c_1664,d_22,Uridyawa
c_1665,d_22,Vanathawilluwa
c_1666,d_22,Waikkal
c_1667,d_22,Watugahamulla
c_1668,d_22,Wennappuwa
c_1669,d_22,Wijeyakatupotha
c_1670,d_22,Wilpotha
c_1671,d_22,Yodaela
c_1672,d_22,Yogiyana
c_1673,d_23,Akarella
c_1674,d_23,Amunumulla
c_1675,d_23,Atakalanpanna
c_1676,d_23,Ayagama
c_1677,d_23,Balangoda
c_1678,d_23,Batatota
c_1679,d_23,Beralapanathara
c_1680,d_23,Bogahakumbura
c_1681,d_23,Bolthumbe
c_1682,d_23,Bomluwageaina
c_1683,d_23,Bowalagama
c_1684,d_23,Bulutota
c_1685,d_23,Dambuluwana
c_1686,d_23,Daugala
c_1687,d_23,Dela
c_1688,d_23,Delwala
c_1689,d_23,Dodampe
c_1690,d_23,Doloswalakanda
c_1691,d_23,Dumbara Manana
c_1692,d_23,Eheliyagoda
c_1693,d_23,Ekamutugama
c_1694,d_23,Elapatha
c_1695,d_23,Ellagawa
c_1696,d_23,Ellaulla
c_1697,d_23,Ellawala
c_1698,d_23,Embilipitiya
c_1699,d_23,Eratna
c_1700,d_23,Erepola
c_1701,d_23,Gabbela
c_1702,d_23,Gangeyaya
c_1703,d_23,Gawaragiriya
c_1704,d_23,Gillimale
c_1705,d_23,Godakawela
c_1706,d_23,Gurubewilagama
c_1707,d_23,Halwinna
c_1708,d_23,Handagiriya
c_1709,d_23,Hatangala
c_1710,d_23,Hatarabage
c_1711,d_23,Hewanakumbura
c_1712,d_23,Hidellana
c_1713,d_23,Hiramadagama
c_1714,d_23,Horewelagoda
c_1715,d_23,Ittakanda
c_1716,d_23,Kahangama
c_1717,d_23,Kahawatta
c_1718,d_23,Kalawana
c_1719,d_23,Kaltota
c_1720,d_23,Kalubululanda
c_1721,d_23,Kananke Bazaar
c_1722,d_23,Kandepuhulpola
c_1723,d_23,Karandana
c_1724,d_23,Karangoda
c_1725,d_23,Kella Junction
c_1726,d_23,Keppetipola
c_1727,d_23,Kiriella
c_1728,d_23,Kiriibbanwewa
c_1729,d_23,Kolambage Ara
c_1730,d_23,Kolombugama
c_1731,d_23,Kolonna
c_1732,d_23,Kudawa
c_1733,d_23,Kuruwita
c_1734,d_23,Lellopitiya
c_1735,d_23,Imaduwa
c_1736,d_23,Imbulpe
c_1737,d_23,Mahagama Colony
c_1738,d_23,Mahawalatenna
c_1739,d_23,Makandura
c_1740,d_23,Malwala Junction
c_1741,d_23,Malwatta
c_1742,d_23,Matuwagalagama
c_1743,d_23,Medagalature
c_1744,d_23,Meddekanda
c_1745,d_23,Minipura Dumbara
c_1746,d_23,Mitipola
c_1747,d_23,Moragala Kirillapone
c_1748,d_23,Morahela
c_1749,d_23,Mulendiyawala
c_1750,d_23,Mulgama
c_1751,d_23,Nawalakanda
c_1752,d_23,Nawinnapinnakanda
c_1753,d_23,Niralagama
c_1754,d_23,Nivitigala
c_1755,d_23,Omalpe
c_1756,d_23,Opanayaka
c_1757,d_23,Padalangala
c_1758,d_23,Pallebedda
c_1759,d_23,Pallekanda
c_1760,d_23,Pambagolla
c_1761,d_23,Panamura
c_1762,d_23,Panapola
c_1763,d_23,Paragala
c_1764,d_23,Parakaduwa
c_1765,d_23,Pebotuwa
c_1766,d_23,Pelmadulla
c_1767,d_23,Pinnawala
c_1768,d_23,Pothdeniya
c_1769,d_23,Rajawaka
c_1770,d_23,Ranwala
c_1771,d_23,Rassagala
c_1772,d_23,Rathgama
c_1773,d_23,Ratna Hangamuwa
c_1774,d_23,Ratnapura
c_1775,d_23,Sewanagala
c_1776,d_23,Sri Palabaddala
c_1777,d_23,Sudagala
c_1778,d_23,Thalakolahinna
c_1779,d_23,Thanjantenna
c_1780,d_23,Theppanawa
c_1781,d_23,Thunkama
c_1782,d_23,Udakarawita
c_1783,d_23,Udaniriella
c_1784,d_23,Udawalawe
c_1785,d_23,Ullinduwawa
c_1786,d_23,Veddagala
c_1787,d_23,Vijeriya
c_1788,d_23,Waleboda
c_1789,d_23,Watapotha
c_1790,d_23,Waturawa
c_1791,d_23,Weligepola
c_1792,d_23,Welipathayaya
c_1793,d_23,Wikiliya
c_1794,d_24,Agbopura
c_1795,d_24,Buckmigama
c_1796,d_24,China Bay
c_1797,d_24,Dehiwatte
c_1798,d_24,Echchilampattai
c_1799,d_24,Galmetiyawa
c_1800,d_24,Gomarankadawala
c_1801,d_24,Kaddaiparichchan
c_1802,d_24,Kallar
c_1803,d_24,Kanniya
c_1804,d_24,Kantalai
c_1805,d_24,Kantalai Sugar Factory
c_1806,d_24,Kiliveddy
c_1807,d_24,Kinniya
c_1808,d_24,Kuchchaveli
c_1809,d_24,Kumburupiddy
c_1810,d_24,Kurinchakerny
c_1811,d_24,Lankapatuna
c_1812,d_24,Mahadivulwewa
c_1813,d_24,Maharugiramam
c_1814,d_24,Mallikativu
c_1815,d_24,Mawadichenai
c_1816,d_24,Mullipothana
c_1817,d_24,Mutur
c_1818,d_24,Neelapola
c_1819,d_24,Nilaveli
c_1820,d_24,Pankulam
c_1821,d_24,Pulmoddai
c_1822,d_24,Rottawewa
c_1823,d_24,Sampaltivu
c_1824,d_24,Sampoor
c_1825,d_24,Serunuwara
c_1826,d_24,Seruwila
c_1827,d_24,Sirajnagar
c_1828,d_24,Somapura
c_1829,d_24,Tampalakamam
c_1830,d_24,Thuraineelavanai
c_1831,d_24,Tiriyayi
c_1832,d_24,Toppur
c_1833,d_24,Trincomalee
c_1834,d_24,Wanela
c_1835,d_25,Vavuniya
c_1836,d_5,Colombo 1
c_1837,d_5,Colombo 3
c_1838,d_5,Colombo 4
c_1839,d_5,Colombo 5
c_1840,d_5,Colombo 7
c_1841,d_5,Colombo 9
c_1842,d_5,Colombo 10
c_1843,d_5,Colombo 11
c_1844,d_5,Colombo 12
c_1845,d_5,Colombo 14
c_1846,d_5,Colombo Secretariant
c_1847,d_5,Melle Street
c_1848,d_5,Rifel Street
c_1849,d_5,Gem & Jewelry
c_1850,d_5,Torington Square
c_1851,d_5,National Museum of Colombo
c_1852,d_5,Colombo Labour Sec
c_1853,d_5,Polhengoda
c_1854,d_5,Anderson Plats
c_1855,d_5,Keppetipola Mawatha
c_1856,d_5,Narahenpita
c_1857,d_5,Kirulapana
c_1858,d_5,University of Colombo
c_1859,d_5,Colombo General Hospital
c_1860,d_5,Gothami Road
c_1861,d_5,Wanathamulla
c_1862,d_5,Baseline Road
c_1863,d_5,Kopiyawatta
c_1864,d_5,Maligawatta
c_1865,d_5,Panchikawatte
c_1866,d_5,Sarasavipaya
c_1867,d_5,Maligakanda
c_1868,d_5,Wolfendal Street
c_1869,d_5,Pettah Bus Stand
c_1870,d_5,Colombo Kachcheri
c_1871,d_5,Armour Street
c_1872,d_5,St. Anthony's
c_1873,d_5,Miraniya Street
c_1874,d_5,Wasala Road
c_1875,d_5,Nagalagam Street
c_1876,d_5,Aluth Mawatha Road
c_1877,d_5,Mutwal South
c_1878,d_5,Beddagana
c_1879,d_5,Madiwela
c_1880,d_5,Sri Perakumpura
c_1881,d_5,Mirihana North
c_1882,d_5,Nawala-Koswatte
c_1883,d_5,Nawala
c_1884,d_5,Rajagiriya
c_1885,d_5,Parliament of Sri Lanka
c_1886,d_5,Obeysekarapura
c_1887,d_5,Kalapaluwawa
c_1888,d_5,Talangama North
c_1889,d_5,Talangama South
c_1890,d_5,Jayawardhenegama
c_1891,d_5,Isurupaya
c_1892,d_5,Sethsiripaya
c_1893,d_5,Malabe
c_1894,d_5,Oruwala
c_1895,d_5,Panagoda Army Camp
c_1896,d_5,Magammana-Dolekade
c_1897,d_5,Homagama Town
c_1898,d_5,Godagama Junction
c_1899,d_5,Panagoda
c_1900,d_5,Galawilawaththa
c_1901,d_5,Kottawa
c_1902,d_5,Pelenwatta
c_1903,d_5,Arawwala West
c_1904,d_5,Kottawa North
c_1905,d_5,Rukmale-Pannipitiya
c_1906,d_5,Malapalla
c_1907,d_5,Mattegoda
c_1908,d_5,Mirihana
c_1909,d_5,Udahamulla
c_1910,d_5,Kohuwala
c_1911,d_5,Pamunuwa-Patiragoda
c_1912,d_5,Sudanapura
c_1913,d_5,Nawinna
c_1914,d_5,Vidyodaya University
c_1915,d_5,Pepiliyana
c_1916,d_5,Katuwawala
c_1917,d_5,Suwarapola
c_1918,d_5,Gorakapitiya
c_1919,d_5,Makandana
c_1920,d_5,Kesbewa
c_1921,d_5,Bokundara
c_1922,d_5,Kahathuduwa
c_1923,d_5,Ratmalana North
c_1924,d_5,Sirimal Uyana
c_1925,d_5,Ratmalana
c_1926,d_5,Koralawella
c_1927,d_5,Egodauyana North
c_1928,d_5,Egodauyana South
c_1929,d_5,Indibedda
c_1930,d_5,Moratumulla
c_1931,d_5,Rawathawatta
c_1932,d_5,Willorawatta
c_1933,d_5,Lunawa
c_1934,d_5,Laksapatiya
c_1935,d_5,Angulana
c_1936,d_5,Kaldemulla
c_1937,d_5,Katubedda
c_1938,d_5,Liyanwala
c_1939,d_5,Poregedara
c_1940,d_5,Dampe
c_1941,d_5,Malagala
c_1942,d_5,Meepe Junction
c_1943,d_5,Pinnawala-Waga
c_1944,d_5,Angampitiya
c_1945,d_5,Arukwathupura
c_1946,d_5,Kandanapitiya
c_1947,d_5,Gurulana
c_1948,d_5,Udugamkanda
c_1949,d_7,Wattala
c_1950,d_2,Bulnewa
c_1951,d_2,Kebithigollewa
c_1952,d_16,Madipola
c_1953,d_17,Karatota
c_1954,d_8,Gangulandeniya
c_1955,d_3,Idalgashinna
c_1956,d_9,Allaipiddi
c_1957,d_9,Allaveddi
c_1958,d_9,Alvai
c_1959,d_9,Anaikoddai
c_1960,d_9,Analaitivu
c_1961,d_9,Araly
c_1962,d_9,Atchuveli
c_1963,d_9,Chankanai
c_1964,d_9,Chavakachcheri
c_1965,d_9,Chullipuram
c_1966,d_9,Chundikuli
c_1967,d_9,Chunnakam
c_1968,d_9,Delft West
c_1969,d_9,Delft
c_1970,d_9,Eluvaitivu
c_1971,d_9,Erialai
c_1972,d_9,Ilavalai
c_1973,d_9,Kankesanthurai
c_1974,d_9,Karainagar
c_1975,d_9,Karaveddi
c_1976,d_9,Kayts
c_1977,d_9,Kodikamam
c_1978,d_9,Kokuvil
c_1979,d_9,Kondavil
c_1980,d_9,Kopay
c_1981,d_9,Kudatanai
c_1982,d_9,Mallakam
c_1983,d_9,Mandaitivu
c_1984,d_9,Manipay
c_1985,d_9,Mathagal
c_1986,d_9,Meesalai
c_1987,d_9,Mahiyampathy
c_1988,d_9,Mirusuvil
c_1989,d_9,Nagarkovil
c_1990,d_9,Nagendramadam
c_1991,d_9,Nainathivu
c_1992,d_9,Neervely
c_1993,d_9,Pandaterippu
c_1994,d_9,Point Pedro
c_1995,d_9,Puloly
c_1996,d_9,Pungudutivu
c_1997,d_9,Puttur
c_1998,d_9,Sandilipay
c_1999,d_9,Sangarathai
c_2000,d_9,Sithankerny
c_2001,d_9,Sivankovilady
c_2002,d_9,Thellippallai
c_2003,d_9,Thondamanaru
c_2004,d_9,Urumpirai
c_2005,d_9,Vaddukoddai
c_2006,d_9,Valvettithurai
c_2007,d_9,Varany
c_2008,d_9,Vasavilan
c_2009,d_9,Velanai
c_2010,d_9,Gurunagar
c_2011,d_9,Kaitadi
c_2012,d_9,Nallur
c_2013,d_9,Thirunelvely
c_2014,d_9,Vannarponnai
c_2015,d_13,Akkarayankulam
c_2016,d_13,Aliyawalai
c_2017,d_13,Chempiyanpattu
c_2018,d_13,Elephant Pass
c_2019,d_13,Eluthumadduval
c_2020,d_13,Iranaitiv
c_2021,d_13,Iyyakachchi
c_2022,d_13,Kavutharimunai
c_2023,d_13,Konavil
c_2024,d_13,Mulliyan
c_2025,d_13,Murasumoddai
c_2026,d_13,Pallavarayankaddu
c_2027,d_13,Paranthan
c_2028,d_13,Puliyampokkanai
c_2029,d_13,Punakari-Nallur
c_2030,d_13,Ramanathapuram
c_2031,d_13,Sivapuram
c_2032,d_13,Skanthapuram
c_2033,d_13,Thalaiyadi
c_2034,d_13,Tharmapuram
c_2035,d_13,Uruthirapuram
c_2036,d_13,Vaddakachchi
c_2037,d_13,Vannerikkulam
c_2038,d_13,Veravil
c_2039,d_13,Vinayagapuram
c_2040,d_13,Ambalnagar
c_2041,d_13,Cheddiyakurichchi
c_2042,d_13,Chundikulam
c_2043,d_13,Kalmadunagar
c_2044,d_13,Karadipokku
c_2045,d_13,Kilay
c_2046,d_13,Kunchuparanthan
c_2047,d_13,Muhamalai
c_2048,d_13,Pallai
c_2049,d_13,Sivanagar
c_2050,d_13,Soranpattu
c_2051,d_13,Thirunagar
c_2052,d_13,Thiruvaiaru
c_2053,d_19,Alampil
c_2054,d_19,Karuppaddamurippu
c_2055,d_19,Mankulam
c_2056,d_19,Mullivaikkal
c_2057,d_19,Mulliyawalai
c_2058,d_19,Muththaiyankaddukulam
c_2059,d_19,Naddankandal
c_2060,d_19,Oddusudan
c_2061,d_19,Puthukkudiyiruppu
c_2062,d_19,Puthuvedduvan
c_2063,d_19,Thunukkai
c_2064,d_19,Udayarkaddu
c_2065,d_19,Vavunakkulam
c_2066,d_19,Visvamadukulam
c_2067,d_19,Yogapuram
c_2068,d_19,Ampalavanpokkanai
c_2069,d_19,Ananthapuram
c_2070,d_19,Ethawetunuwewa
c_2071,d_19,Kokkilai
c_2072,d_19,Kokkuthuoduvai
c_2073,d_19,Kumulamunai
c_2074,d_19,Mullathivu
c_2075,d_19,Murukandy
c_2076,d_19,Welioya
c_2077,d_25,Nedunkerny
c_2078,d_25,Neriyakulam
c_2079,d_25,Alagalla
c_2080,d_25,Andiyapuliyankulam
c_2081,d_25,Asikulam
c_2082,d_25,Cheddikulam
c_2083,d_25,Chemamadukulam
c_2084,d_25,Iranai lluppaikulam
c_2085,d_25,Kalmadhu
c_2086,d_25,Iratta Periyakulama
c_2087,d_25,Kanagarayankulam
c_2088,d_25,Kannaddi
c_2089,d_25,Kela Bogaswewa
c_2090,d_25,Kovilkulam
c_2091,d_25,Madukanda
c_2092,d_25,Mahakachchakodiya
c_2093,d_25,Mamaduwa
c_2094,d_25,Maradammaduwa
c_2095,d_25,Maraiyadithakulam
c_2096,d_25,Maruthodai
c_2097,d_25,Mathavuvaithakulam
c_2098,d_25,Nainamadu
c_2099,d_25,Nelukkulam
c_2100,d_25,Nochchimoddai
c_2101,d_25,Omanthai
c_2102,d_25,Palamoddai
c_2103,d_25,Pampaimadu
c_2104,d_25,Pavakkulama Unit 1
c_2105,d_25,Pavakkulama Unit 2
c_2106,d_25,Periyathambanai
c_2107,d_25,Periya Ulukkulama
c_2108,d_25,Poovarasankulam
c_2109,d_25,Puliyankulam
c_2110,d_25,Sathirikulankulam
c_2111,d_25,Sinnasippikulam
c_2112,d_25,Thandikulam
c_2113,d_25,Vaarikkuttiyoor
c_2114,d_15,Aandankulam
c_2115,d_15,Adampan
c_2116,d_15,Arippu
c_2117,d_15,Athimottai
c_2118,d_15,Chilavathurai
c_2119,d_15,Erukkalampiddy
c_2120,d_15,Illuppaikadavai
c_2121,d_15,Karisal
c_2122,d_15,Kokkupadayan
c_2123,d_15,Madhu Church
c_2124,d_15,Madhu Road
c_2125,d_15,Marichchikaddi
c_2126,d_15,Mullikulam
c_2127,d_15,Murunkan
c_2128,d_15,Nanattan
c_2129,d_15,Palampiddy
c_2130,d_15,Pallimunai
c_2131,d_15,Pandaraveli
c_2132,d_15,Pappamoddai
c_2133,d_15,Parappankandal
c_2134,d_15,Parappukadanthan
c_2135,d_15,Periyakunchikulam
c_2136,d_15,Periyamadhu
c_2137,d_15,Periyapandivirichchan
c_2138,d_15,Pesalai
c_2139,d_15,Potkerny
c_2140,d_15,Puthuveli
c_2141,d_15,Sooriyakaddaikadhu
c_2142,d_15,Thalaimannar
c_2143,d_15,Thalaimannar Pier
c_2144,d_15,Thalaimannar West
c_2145,d_15,Thalvupadu
c_2146,d_15,Tharapuram
c_2147,d_15,Thiruketheeswaram
c_2148,d_15,Uyilankulam
c_2149,d_15,Uyirtharasankulam
c_2150,d_15,Vaddakandal
c_2151,d_15,Vankalai
c_2152,d_15,Vellankulam
c_2153,d_15,Veppankulam
c_2154,d_15,Vidataltivu
c_2155,d_7,Mabola
